display_name,project_name,artifact_namespace
Trail of Bits Security Reviews,trailofbits,trailofbits
Remix IDE plugin for Arbitrum Stylus,remix-arbitrum-welldonestudio,dsrvlabs
Fiet Protocol,fiet-protocol-usherlabs,
Pyth Network,pyth-network,pyth-network
Debid - Fairblock,fairblock,fairblock
Arbos Foundry,arbos-foundry-bernard-wagner,bernard-wagner
WakeUp Labs,wakeuplabs,wakeuplabs
Redstone Finance,redstone-finance,redstone-finance
Open Source Observer,opensource-observer,opensource-observer
Sylow,sylow-warlock-labs,warlock-labs
Runtime Verification,runtimeverification,runtimeverification
Moving Stylus,rather_labs,rather-labs
Enclave,enclave-gnosisguild,gnosisguild
thirdweb,third-web,thirdweb-dev
Remix IDE plugin for Arbitrum Stylus,remix-arbitrum-welldonestudio,welldonestudio
Nuffle Labs,nuffle-labs,
StylusPort,stylusport-teamscanworks,teamscanworks
Solang,solang-hyperledger-solang,hyperledger-solang
Walnut,walnuthq,walnuthq
Angel,angel,
CodeTracer,codetracer-metacraft-labs,metacraft-labs
9Lives,9lives-fluidity-money,fluidity-money
Ember,ember-shahankhatch,shahankhatch
Passport XYZ,passportxyz,passportxyz
Syndicate Protocol,syndicateprotocol,syndicateprotocol
CoBuilders,cobuilders-xyz,cobuilders-xyz
